KPD, 49 Jalan Dungun, Bukit Damansara, Kuala Lumpur, 50490, Malaysia;Kuala Lumpur
Malaysia;George Town,Kuala Lumpur,Seberang Perai
Portugal;Moreira de Cónegos,Portela,Lagos,Paço de Arcos,Odeceixe,Albernoa,Chaves,Raiva,Marvão,Lagoa,Cabanas,Montemor-o-Novo,Figueira da Foz,Comporta,Vila do Conde,Mealhada,Tonda,Lisbon,Árvore,Fátima,Ponte de Lima,Caldas da Rainha,Bragança,Aveiro,Nogueira,Porto Covo,Évora,Viana do Castelo,Portimao,Almeirim,Portalegre,Vila Real,Pinhão,Setúbal,Passos de Silgueiros,Abrantes,Coimbra,Santarém,Tavira,Peso da Régua,Vilamoura,Vidago,Cantanhede,Vila Nova de Gaia,Guimaraes,Câmara de Lobos,Porches,Nazaré,Reguengos de Monsaraz,Folgosa,Estremoz,Vila Real de Santo António,Braga,Leça da Palmeira,Viseu,Costa Nova do Prado,Póvoa de Varzim,Águeda,Leiria,Albufeira,Barcelos,Almancil,Porto,Sintra,Cascais,Funchal,Faro
Iceland;Grindavík,Reykjavík
Greece;Athens
Austria;Dornbirn,Grafenegg,Millstatt,Zöblen,Langenwang,Grieskirchen,Sankt Wolfgang im Salzkammergut,Grafenstein,Linz,Riezlern,Apetlon,Völkermarkt,Weiden am See,Zeltweg,Kaprun,Traunkirchen,Reith bei Kitzbühel,Sankt Jakob in Haus,Anger,Altaussee,Rust,Vorchdorf,Obertilliach,Fehring,Zellberg,Salzburg,Innervillgraten,Neuhofen an der Ybbs,Kitzbühel,Annaberg im Lammertal,Maria Wörth,Achenkirch,Bregenz,Sankt Anton am Arlberg,Erl,Ischgl,Hermagor,Bad Sankt Leonhard im Lavanttal,Bad Schönau,Fügenberg,Großraming,Bad Hofgastein,Ligist,Velden am Wörthersee,Gleisdorf,Schärding,Sankt Joseph,Schwarzenberg,Brixen im Thale,Sankt Georgen an der Leys,Feldkirch,Gamlitz,Klagenfurt am Wörthersee,Sankt Gilgen,Kufstein,Schützen am Gebirge,Stuhlfelden,Lech am Arlberg,Hofamt Priel,Turnau,Sankt Johann in Tirol,Zell am See,Anras,Zürs am Arlberg,Bramberg am Wildkogel,Grän,Kirchberg in Tirol,Stuben am Arlberg,Stumm,Mautern an der Donau,Zaußenberg,Afiesl,Ehrenhausen,Lustenau,Leibnitz,Lochau,Feuersbrunn,Klösterle,Wimpassing an der Leitha,Lichtenberg,Krumbach,Rankweil,Sankt Veit im Pongau,Ort im Innkreis,Kirchberg am Wechsel,Leutschach an der Weinstraße,Moosburg,Ilz,Straden,Pfaffing,Hirschegg,Wattens,Fiss,Graz,Hall in Tirol,Arbesbach,Atzbach,Wösendorf in der Wachau,Mauterndorf,Purbach am Neusiedler See,Brand,Retzbach,Weissensee,Bad Vigaun,Bizau,Brixlegg,Sulz,Rossatz,Villach,Mondsee,Hof bei Salzburg,Neustift im Stubaital,Tamsweg,Matrei in Osttirol,Sankt Kathrein am Offenegg,Stainz,Telfs,Sankt Johann am Wimberg,Innsbruck,Königsdorf,Mieming,Podersdorf am See,Bruck an der Mur,Lauterach,Hadersdorf am Kamp,Obergurgl,Tainach,Vienna,Nußdorf am Attersee,Steyr,Haslau an der Donau,Golling an der Salzach,Goldegg,Sankt Veit am Vogau,Langenlebarn,Sankt Andrä im Sausal,Sankt Veit an der Glan,Mittelberg,Neufelden,Kohfidisch,Mariazell,Andau,Premstätten,Ebbs,Sankt Margarethen im Lavanttal,Gmunden,Alpbach,Werfen,Bad Gleichenberg,Hittisau,Leogang,Tux,Going am Wilden Kaiser,Amlach,Sölden,Deutsch Schützen
Latvia;Cēsis,Riga,Līgatne,Valmiera,Liepaja,Jurmala,Tērvete
South Korea;Busan,Seoul
Luxembourg;Eischen,Roeser,Esch-sur-Alzette,Ahn,Oetrange,Bourglinster,Huncherange,Steinfort,Walferdange,Bertrange,Strassen,Manternach,Luxembourg,Grundhof,Hesperange,Frisange,Hobscheid,Ellange,Mondorf-les-Bains,Nospelt,Huldange,Schifflange,Dudelange,Schouweiler,Remich
Hong Kong SAR China;Hong Kong
Brazil;São Paulo,Rio de Janeiro
Slovenia;Komen,Maribor,Spodnja Idrija,Dobrovo v Brdih,Brestanica,Divača,Koper,Zgornja Polskava,Izola,Radovljica,Petrovče,Vipava,Nova Gorica,Bled,Murska Sobota,Kobarid,Dol pri Vogljah,Cerklje na Gorenjskem,Kranj,Idrija,Portorož,Otočec na Krki,Brusnice,Sežana,Brezice,Zgornja Kungota,Škofja Loka,Stara Fužina,Ljubljana,Šentjanž,Zgornje Jezersko,Kranjska Gora,Šentjošt nad Horjulom,Gozd Martuljek,Celje,Lasko,Piran,Rodik
Argentina;Buenos Aires,Mendoza
China Mainland;Beijing,Quanzhou,Shanghai,Chengdu,Xiamen,Guangzhou,Hangzhou,Fuzhou
Hungary;Szeged,Zebegény,Dánszentmiklós,Zánka,Hosszúhetény,Csopak,Fonyód,Mályinka,Poroszló,Tarcal,Eger,Szarvas,Villány,Kisharsány,Tihany,Gyor,Encs,Balatonfüred,Tata,Balatonszemes,Szigliget,Miskolc,Őriszentpéter,Székesfehérvár,Balatonszőlős,Biatorbágy,Köveskál,Mór,Debrecen,Pécs,Szentendre,Tiszalök,Budapest,Budaörs,Esztergom,Somlóvásárhely
Japan;Kyoto,Tokyo,Nara,Osaka
Abu Dhabi;Abu Dhabi
Canada;Niagara-on-the-Lake,North York,Vancouver,Scarborough,Mississauga,Vaughan,Saint Catharines,Cambridge,Markdale,Creemore,Hamilton,Markham,Oakville,Lincoln,Toronto
Belgium;Roeselare,Virginal-Samme,Aalter,Polleur,Geel,Hulshout,Knokke,Hasselt,Tournai,Woluwe-Saint-Pierre,Sint-Martens-Latem,Roosdaal,Neupré,Éghezée,Ixelles,Zedelgem,Wemmel,Auderghem,Bonheiden,Zwevezele,Lauwe,Ouwegem,Transinne,St-Martens-Voeren,Vlissegem,Maarke-Kerkem,Comblain-la-Tour,Wanze,Han-sur-Lesse,Londerzeel,Glimes,Wommelgem,Wellen,Hofstade,Gedinne,Ernage,Montignies-Saint-Christophe,Ohain,Sint-Andries,Herentals,Dave,Bazel,Esneux,Lanaye,Zele,Sint-Martens-Bodegem,Flobecq,Vilvoorde,Bodegnée,Hove,Ellezelles,Gijzegem,Wulveringem,Beernem,Appels,Herve,De Haan,Ruisbroek,Bourlers,Nandrin,Berchem-Sainte-Agathe,Ordingen,Zeebrugge,Eupen,Aalst,Temploux,As,Ieper,Thuillies,Achet,Linden,Bachte-Maria-Leerne,Leignon,Oostmalle,Straimont,Boortmeerbeek,Seneffe,Middelkerke,Sint-Denijs-Westrem,Chaumont-Gistoux,Beaufays,Charneux,Yvoir,Chapelle-lez-Herlaimont,Lissewege,Tienen,Heist,Comblain-au-Pont,Braine-l'Alleud,Heusden,Ath,Loyers,Mont-sur-Marchienne,Kraainem,Oostkamp,Leuze,Sint-Amandsberg,Brugge,Martelange,Sint-Kwintens-Lennik,Ledeberg,Zoutleeuw,Strombeek-Bever,Soheit-Tinlot,Brussegem,Eernegem,Saint-Georges-sur-Meuse,Dikkelvenne,Waterloo,La Louvière,Falaën,Bastogne,Beuzet,Dilsen,Kortrijk,Arlon,Nederbrakel,Berchem,Hantes-Wihéries,Heffen,Sint-Genesius-Rode,Châtelet,Rochefort,Dendermonde,Gesves,Kruibeke,Wannegem-Lede,Koksijde,Comines,Werken,Habay-la-Neuve,Elverdinge,Hollain,Ruiselede,Sint-Niklaas,Charleroi,Couvin,Sint-Pieters-Leeuw,Profondeville,Ciney,Sint-Amands,Binche,Oostkerke,Westouter,Falmignoul,Watou,Stavelot,Stekene,Rotselaar,Mouscron,Saint-Gilles,Klemskerke,Linkebeek,Dinant,Baudour,Nivelles,Nalinnes,Ingelmunster,Annevoie-Rouillon,Damme,Izegem,Remouchamps,Veurne,Belsele,Geraardsbergen,Jette,Lokeren,Opgrimbie,Mol,Corbion,Hoogstraten,Tongeren,Waasmunster,Huy,Lovendegem,Jabbeke,Oud-Heverlee,Erpent,Torhout,Antwerpen,Beveren-Leie,Nieuwpoort,Petit-Rechain,Sorinnes,Céroux,Deerlijk,Marche-en-Famenne,Emptinne,Oudenburg,Maldegem,s-Gravenwezel,Halle,Kruishoutem,Wavre,Jambes,Houffalize,Beauraing,Aalbeke,Wanfercée-Baulet,Sart,Westkapelle,Genk,Genval,Ouffet,Alle,Nassogne,Modave,Noorderwijk,Ramskapelle,Thisnes,Bornem,Gits,Mons,Kontich,Haacht,Beerzel,Keerbergen,Watermael-Boitsfort,Virelles,Perk,Harelbeke,Lieferinge,Bertrix,Our,Lier,Sint-Katelijne-Waver,Ganshoren,Duffel,Sint-Kruis,Waremme,Schaerbeek,Deurle,Borgloon,Olen,Neerpelt,Mechelen,Haaltert,Overijse,Pepinster,Neerharen,Sint-Truiden,Bouge,Kalmthout,Moulbaix,Paliseul,Leuven,Merelbeke,Brasschaat,Lanaken,Passendale,Zottegem,Lacuisine,Wéris,De Panne,Gosselies,Toernich,Diksmuide,Saint Vith,Sprimont,Gent,Marenne,Edegem,Vlijtingen,Dottignies,Bellem,Beveren,Liège,Sint-Denijs,Namur,Wortegem,Daverdisse,Marke,Uccle,Ronse,Rekkem,Wépion,Heusy,Buvrinnes,Berlare,Floreffe,Villers-sur-Lesse,Nossegem,Kachtem,Kemmel,Sint-Idesbald,Rijkhoven,Etterbeek,Kapellen,Temse,Verviers,Spa,Zillebeke,Donk,Zulte,Wierde,Arquennes,Roucourt,Embourg,Rekem,Flémalle,Grandhan,Lommel,Saint-Médard,Opglabbeek,Ninove,Hoeilaart,Borgerhout,Brussels,Oisquercq,Soignies,Schilde,Ligneuville,Lochristi,Tilff,Waregem,Durbuy,Grimbergen,Heverlee,Snaaskerke,Braine-le-Château,Ename,Meise,Marchin,Bois-de-Villers,Bütgenbach,Leefdaal,Zoerle-Parwijs,Boninne,Gijverinkhove,Francorchamps,Quévy-le-Grand,Zonhoven,Herzele,Groot-Bijgaarden,Villers-le-Bouillet,Woluwe-Saint-Lambert,Pont-à-Celles,Casteau,Oombergen,Orchimont,Kasterlee,Jodoigne,Bovesse,Écaussinnes-Lalaing,Gouy-lez-Piéton,Goeferdinge,Leut,Libramont,Turnhout,Wetteren,Malonne,Hamont,Varsenare,Destelbergen,Hertsberge,Oostende,Saint-Symphorien,Arbre,Moorsel,Bierghes,Boechout,Anderlecht,Poperinge,Maaseik,Sint-Baafs-Vijve,Liernu,Gierle,Blaregnies,Forest,Vosselaar,Grivegnée,Montigny-le-Tilleul,Nieuwkerken-Waas
State;City
Finland;Porvoo,Helsinki,Turku,Ruka
Taiwan;Tainan,Taipei,Kaohsiung,Taichung
Italy;Rovato,Torrechiara,Lonigo,Serravalle Pistoiese,Scorzè,Cecina,Acqualagna,Torre di Palme,Sienna,Erbusco,Lezzeno,Concesio,Marotta,Canelli,Torregrotta,La Spezia,Cerignola,Barcuzzi,Valsolda,Pagazzano,Commezzadura,Varigotti,San Giorgio di Valpolicella,Manoppello Scalo,San Polo d'Enza,Caldogno,Genazzano,Tarquinia,Senago,Ventimiglia,Toscolano-Maderno,Castel Maggiore,Bagnolo,Sala Baganza,Pomezia,Trezzano sul Naviglio,Pella,Carpaneto Piacentino,Castelvetro di Modena,Varena,Apricena,Pieve di Cento,Calvisano,Vieste,Soragna,Isola d'Asti,Rocella Jonica,Esine,Fiesole,Baldichieri d'Asti,Treiso,Giulianova Lido,San Miniato,Tortona,Pastrengo,Tavagnacco,Castelletto sopra Ticino,San Vito Chietino,Ceglie Messapica,Abano Terme,Avezzano,Forlì,Terrasini,Oderzo,Ugento,Badia,Caltignaga,Santa Reparata,Malnate,Bibbiena,San Gimignano,Albignasego,Spirano,Marano Lagunare,Taormina,Bigolino,Albarè di Costermano,Gualdo Cattaneo,Cardano,Mason Vicentino,Cernobbio,Castellammare di Stabia,Greve in Chianti,Menfi,Desenzano del Garda,Arma di Taggia,Cagliari,Robbiate,Panicale,Tavernerio,Lipari,Lomazzo,Castelnuovo Berardenga,Olivola,Campogalliano,Almenno San Bartolomeo,Agnone,Monte Sant'Angelo,Velo,Garbagnate Milanese,Merano,Perignano,Torano Nuovo,Sauris,Montecarlo,Toblach,Madonna di Campiglio,Vipiteno,Mira,Roletto,Orbassano,Rho,Aosta,Noceto,San Mauro a Mare,Vibo Valentia Marina,Cetona,Reggio Calabria,San Michele,Sondrio,Ardenza,Ponte di Legno,Caltanissetta,Pizzo,Andora,Ponte a Moriano,Stromboli,Trapani,Gargnano,Cuorgnè,Limone sul Garda,Illasi,Zafferana Etnea,Pergine Valsugana,Caluso,Morciano di Romagna,Sassari,Vercelli,Capolago,Voghera,Sala Bolognese,Altamura,Cremona,Brenzone sul Garda,Mondovì,Tavarnelle Val di Pesa,Gavi,Montecchio Precalcino,Manfredonia,Molini,San Teodoro,Grosseto,Montebenichi,Castel Giorgio,Melfi,Polesine Parmense,Civitella del Tronto,Marina di Pietrasanta,Rivoli,Coloreto,Garda,Belluno,Torre del Lago Puccini,Sizzano,Baronissi,Loro Ciuffenna,Brez,Ariccia,Marzocca,Longiano,Lodi,Lamezia Terme,Santa Maria Maggiore,Olbia,Naples,Varese,Amalfi,Castelletto di Brenzone,Busca,Castelnovo di Sotto,Mortara,Rotonda,Oviglio,Grumello del Monte,Sorni,Brescia,Bellinzago Lombardo,Archi,Fossombrone,Maiori,San Casciano in Val di Pesa,Casanova di Terricciola,Vigevano,Castelbuono,Calestano,Mercenasco,Treviso,Castel del Piano,Montichiari,San Fermo della Battaglia,Nova Levante,Follina,Manciano,Santa Cristina d'Aspromonte,Chies d'Alpago,Rablà,Malcesine,Galliate,Castrocaro Terme,Poggiridenti,Stradella,Pollone,Prato,Ghirlanda,Ovada,Vallo della Lucania,Castelbianco,Levizzano Rangone,Somma Lombardo,San Vigilio di Marebbe,Ortisei,Ponte San Pietro,Levanto,Cervia,Colle di Val d'Elsa,Pfalzen,Pietra Ligure,Lama Mocogno,Chiavari,Licata,Villar Dora,Montepulciano,Lavagna,Rubiera,Ne,Cavazzo Carnico,Badalucco,Deruta,Finalborgo,Pieve d'Alpago,Santa Maria Annunziata,Arborea,Pozzolo Formigaro,Spilimbergo,Torno,Bacoli,Cortina Vecchia,Cortina d'Ampezzo,Scorrano,Aprilia,Stresa,Monselice,Viareggio,Capri Leone,Gragnano,Savigno,Quistello,Mortegliano,Turin,Palazzolo Acreide,Noventa Padovana,Borgonovo Val Tidone,Giustino,Nizza Monferrato,Castagnole Piemonte,Ruda,Forte dei Marmi,Olgiate Olona,San Bartolomeo al Mare,Chioggia,Malo,Dovera,Porto Cervo,Vernante,Moirago,Fabbrico,Piombino,Castiglione Falletto,Piobesi d'Alba,Bellagio,Contigliano,Noci,Recorfano,San Donà di Piave,Montalcino,Velo Veronese,Crotone,Mese,Crema,Venice,Imperia,Milan,Lenna,Gaibana,Montù Beccaria,Montemarciano,Raveo,Viceno,Barletta,Fiorano Modenese,Busto Arsizio,Calamandrana,Bassano del Grappa,Marina di Pisa,Canazei,Gaeta,Montemarcello,Spoleto,Moggiona,Caramanico Terme,Terracina,Imola,Moniga del Garda,Asti,San Genesio Atesino,Macerata,Rognano,Castel Toblino,Altomonte,Chieri,Quarto,Godia,Agrigento,Mantua,Vallesaccarda,Negrar,Brusciano,Cavaglià,Saludecio,Monterosso al Mare,Montegrosso,Pitigliano,Vittorio Veneto,Barbian,Strongoli,Saint-Christophe,Piazza Armerina,Pula,Pedraces,Finale Emilia,Lerici,Levico Terme,Pozza di Fassa,Cremolino,Montoggio,Valdieri,Vignola,Arzachena,Drena,Panzano,Ravalle,Oltressenda Alta,Castel Gandolfo,Polignano a Mare,Pontelongo,Carovigno,Carrù,Anzola dell'Emilia,Chieti,Padua,Chiaramonte Gulfi,Rubbianino,Galluzzo,Collebeato,Capri,Casteggio,Badia di Dulzago,Mercato San Severino,Colognola ai Colli,Cividale del Friuli,Morrano Nuovo,Fontanafredda,Troia,Vodo di Cadore,Sestri Ponente,Quarona,Marina di Ragusa,Rimini,Cassinetta di Lugagnano,Bari,Riva di Solto,Rodengo Saiano,Terranova di Pollino,Pantelleria,Masio,Trequanda,Aldino,Andria,Borgonato,Catanzaro,Magliano Sabina,Marina di San Vito,Venaria Reale,Pallanza,Termini Imerese,Casaglia,Lusia,Messina,Pieve San Giacomo,Oppeano,Pennabilli,Codigoro,Catania,Cavernago,Bodio Lomnago,Miane,Sciacca,Tisens,Pieve di Coriano,Kiens,Saronno,Porto Rotondo,Romeno,Assisi,Breuil Cervinia,Pinzolo,Porto Torres,Como,Valmontone,Misano Adriatico,Nerviano,Toceno,Sutri,Nocera Superiore,Conca dei Marini,Sanluri,Marina Di Campo,Puos d'Alpago,Castagnito d'Alba,L'Aquila,Legnano,Nola,San Giovanni in Fiore,Corrubbio,Rivanazzano Terme,Revigliasco,Teramo,Noli,Borgo Vercelli,Gallarate,Cornaredo,Lido di Jesolo,Montemagno,Framura,Delebio,Brindisi,Brusson,Cavi di Lavagna,Porto Azzurro,Formello,Sorisole,Cherasco,Sarturano,Iseo,Traversella,Marostica,Offanengo,Montaldo Scarampi,Roccaraso,Bagno di Romagna,Orbetello,Perugia,Carpi,Appiano Gentile,Cavour,Maratea,San Marzano Oliveto,Verona,Porcia,Riola Sardo,Moltrasio,Pieve Ligure,San Giorgio della Richinvelda,Moncalieri,Isola Vulcano,Saint Martin in Passeier,Osio Sotto,Conversano,Lavariano,Barate,Cala Gonone,Corte de' Cortesi,Ischia,Settequerce,Barbaresco,Mosciano Sant'Angelo,Venosa,Buttrio,Este,San Donato in Poggio,Laigueglia,Baveno,Porto Ercole,Ariano Irpino,Fornace,Pizzo Calabro,Massa,Moena,Vicenza,Guarene,Mariano Comense,Villa di Chiavenna,Eboli,Recanati,Bolzano,Borgio Verezzi,San Salvo Marina,Appignano,Oliena,Blevio,Paderno del Grappa,Capoterra,Passignano,Col San Martino,Teglio,Torbiato,Romano d'Ezzelino,Torriana,Bettolle,Chiusdino,Grottammare,San Zeno di Montagna,Morgex,Cerreto Guidi,Foggia,Castelnovo di Baganzola,Porto San Paolo,Portonovo,Gaione,Nettuno,Marciana Marina,Santa Maria del Monte,Villandro,Bordighera,Monteu Roero,Vico Equense,Piadena,Salgareda,Minervino Murge,Cortona,Fano,Dossobuono,Gardone Riviera,Campobasso,Ragusa,Semproniano,Olevano Romano,Aversa,Treia,Tropea,Rivisondoli,Valmadrera,Loreto,Paestum,San Polo di Piave,Faenza,Sant'Agostino,Novara,Syracuse,Ranco,San Martino,Cuneo,Peschiera Borromeo,Argelato,Montorio al Vomano,Putignano,San Pancrazio,Quero,Randazzo,Trebaseleghe,Canale,Mergozzo,Noto,Palazzolo sull'Oglio,Sarentino,Spoltore,Revere,Todi,Sarre,Savelletri,Priocca,Barco,Frascati,Gussago,Racale,Pinerolo,Cutigliano,Fermo,Arco,Cavallino,Madonna di Senales,Paraggi,Afragola,Burano,Sirolo,Recco,Tigliole,Limatola,Marlia,Grottaferrata,Ponte,Portofino,Montefiorino,Termoli,Caprino Veronese,Diolo,Monterotondo,Oneglia,Crevalcore,Furore,Vicopisano,Otranto,Popoli,Riposto,Rome,Bolgheri,Maglie,Sant'Antonio Abate,Marina di Arbus,Costermano,Varzi,Rivodutri,Mutignano,Cureggio,Castel San Pietro Terme,Treviglio,Isola Dovarese,Follonica,Poggibonsi,Monfalcone,Ruvo di Puglia,Jesolo,Milano Marittima,Sernaglia della Battaglia,Sasso Marconi,Cima,Soriso,Finale Ligure,Capriate San Gervasio,Cetara,Alessandria,Montemerano,San Desiderio,Fara Filiorum Petri,Sansepolcro,Isola di Capo Rizzuto,Palaia,Salò,Pescocostanzo,Lesina,Magliano Alfieri,Monteriggioni,Porto San Giorgio,Seggiano,Algund,Marano di Valpolicella,Matera,Castelmezzano,Carloforte,Aprica,Suzzara,Torgiano,Bagheria,Foiana,Cerretto Langhe,Novafeltria,Barbarano Vicentino,Anghiari,Monforte d'Alba,Laveno,Santa Vittoria d'Alba,Cartosio,Lainate,Ravello,Soprabolzano,Monsummano Terme,Fossò,San Pellegrino,Briaglia,Ponza,Caravaggio,Casole d'Elsa,Senigallia,Padenghe sul Garda,Corvara in Badia,Genoa,Vairano Patenora,Capodacqua,Podenzano,Villa San Giovanni,Melizzano,Sirmione,Capannori,Vello,Santo Stefano Belbo,Bevagna,Roseto degli Abruzzi,Dosson,Sesto San Giovanni,Vietri sul Mare,Montopoli in Val d'Arno,Portoscuso,San Giorgio del Sannio,Altare,Rastignano,Trecchina,Albairate,Cagli,Giarre,Grazie,Colle,Labico,Loano,Cologne,Forno di Zoldo,Pettenasco,Parma,Santarcangelo di Romagna,Bologna,Caserta,Trescore Balneario,San Remo,Vinci,Trento,Ravenna,Carnello,San Vito lo Capo,Ostuni,Santa Maria della Versa,Alserio,Cesenatico,Augusta,Soverato,Pollenzo,Reggio Emilia,Pisciotta,Cormons,Saint-Vincent,Senorbì,Gudon,Borgomanero,Volterra,Albenga,Casalgrande,Cavaion Veronese,San Michele al Tagliamento,Monastier di Treviso,Savogna d'Isonzo,Alzano Lombardo,Pudiano,Fasano del Garda,Guardiagrele,Selva Malvezzi,Pegli,Caiolo,Palau,Sant' Agnello,Sant'Agata sui Due Golfi,Anterivo,Lesa,Cercemaggiore,Canale d'Agordo,Minervino di Lecce,Bagnolo in Piano,Linguaglossa,Viagrande,San Bonifacio,Palermo,Pianiga,Macchie,Soiano del Lago,Brixen,Manerba del Garda,Marlengo,Salerno,Cava de' Tirreni,Montepagano,San Leone,Montemonaco,Monopoli,Giulianova,Orvieto,Rubano,Alassio,Terni,Bobbio,Dolcedo,Marina di Grosseto,Trofarello,Céres,Rapolano Terme,Sarche di Madruzzo,Civitella Casanova,Monticelli d'Ongina,Ancona,Bardolino,Revine,Carona,Milazzo,Alba,Modica,Vigano,Baia Sardinia,Mantello,Ossana,Gattinara,Lucca,Castel di Sangro,Pordenone,Lavello,Acri,Scala,Mornago,Acuto,Zelarino,Bra,Spinetta Marengo,Fiumicino,Montegridolfo,Corciano,Fagnano,Serravalle Langhe,Somma Vesuviana,San Marzano di San Giuseppe,Le Ferriere,Pisa,Castellammare del Golfo,Rivarolo Canavese,Squille,Montoro,Civitavecchia,Lampedusa,Fosdinovo,Udine,Montecalvo Versiggia,Ponte dell'Olio,Carrara,Anacapri,Palazzo San Gervasio,Città della Pieve,Pralboino,Baschi,Asiago,Adria,Dogliani,Borgoricco,Cicognolo,Feltre,Arzignano,Ravarino,Chiesa in Valmalenco,Marina di Pulsano,Galeata,Marina di Massa,Marina di Bibbona,San Piero in Bagno,Postal,Pozzolengo,Origgio,Suvereto,Castiglione della Pescaia,Cervere,San Severo,Serralunga d'Alba,Gsies,Bagnara Calabra,Brufa,Ambivere,Caprarola,Salsomaggiore Terme,Ladispoli,Gabicce Monte,Santa Maria di Sala,Brunico,Civitella del Lago,Capolona,Offida,Puegnago sul Garda,Castelbello,Marina del Cantone,Sorrento,Mazzorbo,Pineto,Brusaporto,Sappada,Lallio,Telese,San Maurizio Canavese,Gaiole in Chianti,Riomaggiore,San Quirico d'Orcia,Mirano,Cervesina,Rende,Casale Monferrato,Marina di Gioiosa Ionica,Sant'Anna,Castiglione delle Stiviere,Quarto d'Altino,Cavalese,Frisanco,Montà,Sandrigo,Savona,Trani,Sorico,Val Liona,Arabba,Montone,Civitanova Marche,Rivergaro,Castellina in Chianti,Chiusi,Alberobello,Manduria,Lignano Sabbiadoro,Nals,Marzamemi,Bergamo,Latina,Montallegro,Villa d'Almè,Trevinano,Bianzone,Carsoli,Arcugnano,Capriata d'Orba,Brentonico,Aci Castello,Runate,Peschici,Pietrasanta,Pontinia,Brione,Cannara,Quartiere di Portomaggiore,San Cassiano,Orta San Giulio,Vicomero di Torrile,Pesaro,Ticciano,San Benedetto del Tronto,Vedole,Fiera di Primiero,Marina di Cecina,Pompei,San Casciano dei Bagni,San Nicola Manfredi,San Vigilio,Varenna,Tricesimo,Pozzuoli,Scafati,Ospedaletto d'Alpinolo,Santa Marina Salina,Castiglione del Lago,Norcia,San Vincenzo,Altissimo,Annone Veneto,Cavatore,Urbino,Modena,Passignano sul Trasimeno,Florence,Lughetto,Grinzane Cavour,Rivalta Trebbia,Ravina,Termeno sulla Strada del Vino,Numana,Cefalu,Fasano,Fagagna,Ascoli Piceno,Galliera Veneta,Arezzo,Coriano,Marne,Fidenza,Bientina,Mules,Induno Olona,Mestre,Varallo,Torre del Greco,Vetrego,Clusone,Noventa,Pigna,Tregnago,Bolzone,Courmayeur,Campagnola Cremasca,Coriano Veronese,Peschiera del Garda,Pellio Intelvi,Glorenza,Madesimo,Positano,Lucarelli,Verbania,Issengo,Moretta,San Giuliano Milanese,Rieti,Seregno,Torbole,Ferrara,Grezzana,Asola,Tivoli,Santa Maria di Castellabate,Vintl,Monza,Bracca,Riva del Garda,Asolo,Montrigiasco,Limone Piemonte,Vasto,Livigno,Adrara San Martino,Robbio,Lucera,Mariano del Friuli,Empoli,Saint Lorenzen,Monfumo,Pacentro,Albavilla,Atrani,San Severino Marche,Celle Ligure,Forio,Candia Canavese,Lecco,Crandola Valsassina,Sulmona,Torrita di Siena,Lecce,Paradiso di Pocenia,Suna,Marina di Casal Velino,Saturnia,Malfa,Cioccaro,Cassino,Mandello del Lario,San Martino di Castrozza,Limito,Morimondo,Trieste,Barzago,Rottofreno,San Giovanni in Persiceto,Fagnano Olona,Castelfranco Emilia,Sclafani Bagni,Domodossola,Ruffano,Lacco Ameno,San Pantaleo,Cermes,Cusago,Cogne,Pontassieve,Almè,San Giovanni al Natisone,Lancenigo,Lapio,Monticelli Brusati,Boves,Palmi,Pizzighettone,Castelfranco Veneto,Lido di Camaiore,Pescara,Crispiano,Gambolò,Tirol,Besenzone,Nibbiaia,Biella,Albiate,Sestri Levante,Dolegna del Collio,Praiano,Schio,Selva di Val Gardena,Brennero,Fondi,Maranello,San Paolo d'Argon,San Giustino Valdarno,Taranto,Santa Teresa Gallura,Alghero,Castel Mella,San Felice del Benaco,Massa Lubrense,Isera,Montescudaio,Rapallo,Borghetto di Borbera,Sant'Omobono Terme,Roncade,La Morra,Lido di Savio,Oggiono,Montefalco,Isola Sant'Antonio,Fondo,Piacenza,San Quirino
Türkiye;Fethiye,Marmaris,Bodrum,Izmir,Istanbul,Milas
Germany;Sprockhövel,Leiwen,Meerfeld,Walluf,Gundelfingen,Ehningen,Burghausen,Wackersberg,Maßweiler,Bielefeld,Hauzenberg,Schmallenberg,Bergkirchen,Schwarzenfeld,Wirsberg,Hilden,Moers,Forchheim,Neustadt an der Weinstraße,Ruppertsberg,Wachtberg,Hüfingen,Meisenheim,Weigenheim,Nonnenhorn,Friesenheim,Höchst im Odenwald,Hörnum,Oberhausen,Röthenbach an der Pegnitz,Leer,Rust,Würselen,Neuss,Marktheidenfeld,Ostrach,Schramberg,Bad Doberan,Frankweiler,Schorndorf,Krakow am See,Lindau,Muggensturm,Freital,Weinheim,Leipzig,Dudeldorf,Usingen im Taunus,Hanover,Emmerich,Rees am Rhein,Neuwied,Reil an der Mosel,Amtstetten,Bad Tölz,Kappelrodeck,Kronberg im Taunus,Schleching,Tutzing,Auerbach,Munkmarsch,Salem,Bad Kissingen,Nörten-Hardenberg,Triefenstein,Hamm,Groß-Gerau,Öhningen,Langenzenn,Neuenstein,Forstinning,Hennef,Neustadt an der Waldnaab,Nienstädt,Arnsberg,Neubeuern,Heroldsberg,Birkenau,Gottenheim,Jena,Tangstedt,Ludwigsburg,Eisenach,Lengerich,Pirna,Großheubach,Frammersbach,Werder,Langenargen,Weisenheim am Berg,Kleines Wiesental,Ahlbeck,Endingen am Kaiserstuhl,Aachen,Göttingen,Amtzell,Lenggries,Mühlhausen,Rietberg,Kernen im Remstal,Lichtenberg,Neuendorf bei Wilster,Brandenburg City,Krefeld,Radebeul,Johannesberg,Ulm,List,Nittel,Dietramszell,Oberkirch,Sasbachwalden,Timmendorfer Strand,Besigheim,Kirchdorf an der Iller,Bad Soden am Taunus,Feldkirchen-Westerham,Garbsen,Nördlingen,Pappenheim,Bad Sobernheim,Pfronten,Windelsbach,Bad Kötzing,Großbundenbach,Aue - Bad Schlema,Badenweiler,Gaggenau,Pinneberg,Müllheim,Klein Kubbelkow,Wachenheim an der Weinstraße,Heidelberg,Nordkirchen,Waldkirchen,Gummersbach,Mannheim,Hardert,Keitum,Lörrach,Lüneburg,Kraiburg am Inn,Lauf an der Pegnitz,Karben,Essen,Neuhütten,Freiensteinau,Flensburg,Fellbach,Trittenheim,Bremen,Immenstaad am Bodensee,Rantum,Maselheim,Veldenz,Bernried,Molfsee,Blieskastel,Böblingen,Groß-Umstadt,Bad Säckingen,Steinenbronn,Freudenstadt,Reit im Winkl,Aldersbach,Baden-Baden,Piding,Auerbach in der Oberpfalz,Remchingen,Odenthal,Wangen im Allgäu,Kassel,Berchtesgaden,Dachau,Karlsruhe,Waldkirch,Elzach,Hofheim am Taunus,Celle,Polle,Sinzig,Burgwedel,Zerbst,Mittenwald,Durbach,Neunburg vorm Wald,Ladenburg,Siebeldingen,Wurster Nordseeküste,Freyung,Bocholt,Rüdesheim am Rhein,Zwingenberg,Velbert,Köngen,Wieden,Vaihingen an der Enz,Detmold,Enkenbach-Alsenborn,Werdohl,Hövelhof,Bad Saarow,Duggendorf,Kirchheim an der Weinstraße,Maisach,Marktbreit,Bitburg,Zeltingen,Eibelstadt,Hann. Münden,Bad Bellingen,Senden,Bretten,Bingen am Rhein,Lauingen,Marburg,Cologne,Schneverdingen,Frasdorf,Teisnach,Tinnum,Bad Peterstal,Meppen,Simonswald,Wildberg,Esslingen am Neckar,Simmershofen,Eltville am Rhein,Neckargemünd,Altenberge,Heinsberg,Constance,Riedenburg,Magdeburg,Saarbrücken,Wasserburg am Inn,Kirchdorf,Bad Salzuflen,Rottach-Egern,Lohr am Main,Lottstetten,Rheine,Lauffen am Neckar,Oberboihingen,Illschwang,Freising,Weil am Rhein,Grenzach-Wyhlen,Mandelbachtal,Linsengericht,Inzlingen,Lahr,Guldental,Fürth,Dorsten,Prien am Chiemsee,Pleiskirchen,Bad Saulgau,Hattingen,Neukirchen-Vluyn,Waren,Rosenberg,Zell im Wiesental,Dieblich,Lautenbach,Mittelbiberach,Erkrath,Neuburg an der Donau,Schwäbisch Hall,Sonderhofen,Markt Indersdorf,Regensburg,Bindlach,Verden (Aller),Wernberg-Köblitz,Ellwangen,Häusern,Augsburg,Brilon,Berlin,Lübeck,Perasdorf,Wyk,Bamberg,Erfurt,Mainz,Horben,Schwerin,Mitterskirchen,Bad Zwischenahn,Neumünster,Hausen ob Verena,Adelshofen,Bad Sachsa,Marktbergel,Zweiflingen,Dresden,Erftstadt,Oberstdorf,Baunach,Bad Berleburg,Halle (saale),Niederweis,Sankt Wendel,Schwendi,Uhldingen-Mühlhofen,Wertingen,Oberstaufen,Paderborn,Glücksburg,Pforzheim,Vallendar,Glottertal,Gersfeld,Kobern-Gondorf,Kürten,Friesoythe,Bad Liebenzell,Bühlertal,Bad Krozingen,Königstein im Taunus,Wernigerode,Deggendorf,Limbach-Oberfrohna,Sonnenbühl,Klingenmünster,Freiamt,Rüthen,Schwäbisch Gmünd,Trechtingshausen,Potsdam,Langenau,Heringsdorf,Neuleiningen,Nagold,Windorf,Bad Kreuznach,Weißenbrunn,Oldenburg,Bad Malente-Gremsmühlen,Görlitz,Wolfsburg,Kerpen,Königsbronn,Vörstetten,Bünde,Piesport,Ruderting,Niederkassel,Erlangen,Dettighofen,Efringen-Kirchen,Blankenbach,Sankt Peter,Friedberg (Hessen),Passau,Ilbesheim bei Landau in der Pfalz,Pirk,Tunau,Darscheid,Grünwald,Höchstädt an der Donau,Weinstadt,Zweibrücken,Würzburg,Donaueschingen,Hamburg,Nideggen,Chieming,Saarlouis,Gengenbach,Düsseldorf,Freilassing,Rauhenebrach,Nuremberg,Lunden,Deisenhofen,Pilsach,Metzingen,Bad Waldsee,Eggenstein-Leopoldshafen,Tiefenbronn,Bernkastel-Kues,Neupotz,Münstertal,Parsberg,Cuxhaven,Heilbronn,Weimar,Vogtsburg im Kaiserstuhl,Heitersheim,Niederwinkling,Schweinfurt,Todtnau,Ahorn,Amorbach,Haiger,Frickingen,Schirgiswalde-Kirschau,Kiel,Euskirchen,Fulda,Vöhringen,Feldberger Seenlandschaft,Hayingen,Sankt Ingbert,Wasserburg am Bodensee,Lebach,Nordhausen,Bergisch Gladbach,Korb,Krün,Mülheim-Kärlich,Herford,Dornum,Simmerath,Alpirsbach,Landsberg am Lech,Ötisheim,Wildemann,Rheda-Wiedenbrück,Staufen im Breisgau,Reichenau Insel,Korschenbroich,Pfinztal,Kallstadt,Cottbus,Hoyerswerda,Panker,Homburg,Bietigheim-Bissingen,Emsdetten,Schwetzingen,Heiligenberg,Hochheim am Main,Neu-Ulm,Schluchsee,Berghaupten,Kelsterbach,Münster,Stühlingen,Meerbusch,Giesen,Binzen,Kusel,Spalt,Waiblingen,Hinterzarten,Denzlingen,Dießen am Ammersee,Winnenden,Kirchlauter,Kandel,Jugenheim in Rheinhessen,Dermbach,Uhingen,Friedrichstadt,Saulheim,Überlingen,Neuzelle,Waging am See,Brackenheim,Erkelenz,Freiburg im Breisgau,Waldenbuch,Braunsbedra,Kirkel,Elmshorn,Osnabrück,Weissenhaus,Rathenow,Chemnitz,Künzelsau,Bonn,Iphofen,Wittnau,Herxheim,Schönwald im Schwarzwald,Altenahr,Sulzbach-Laufen,Haslach im Kinzigtal,Garmisch-Partenkirchen,Lütjenburg,Geisenheim,Wiesbaden,Dreis,Teisendorf,Ayl,Scharbeutz,Weingarten,Koblenz,Andernach,Nordheim am Main,Brunswick,Munich,Ratshausen,Bad Wiessee,Salach,Bad Nenndorf,Haan,Boppard,Illertissen,Perl,Tengen,Bischofswiesen,Friedland,Falkensee,Fürstenfeldbruck,Samerberg,Sulzburg,Pirmasens,Valley,Isny im Allgäu,Meschede,Idstein,Meersburg,Bonndorf im Schwarzwald,Limburg an der Lahn,Bürgstadt,Tuttlingen,Presseck,Hohen Demzin,Wilthen,Aying,Villingen-Schwenningen,Asperg,Herne,Miesbach,Oberaudorf,Sankt Märgen,Selzen,Waltrop,Blankenhain,Rot am See,Cham,Glonn,Vreden,Bad Herrenalb,Königsfeld,Kreuth,Duisburg,Bad Laasphe,Lieser,Hoppegarten,Horn-Bad Meinberg,Naurath/Wald,Plochingen,Bempflingen,Friedberg,Ostseebad Binz,Rostock,Frankenberg,Baiersbronn,Weikersheim,Juist,Finning,Oberried,Delbrück,Balduinstein,Ravensburg,Darmstadt,Herleshausen,Remscheid,Volkach,Herrsching am Ammersee,Norderney,Waldbronn,Rödental,Birkenfeld,Bad Hersfeld,Zorneding,Aerzen,Kirchzarten,Frankfurt on the Main,Deidesheim,Mulfingen,Südharz,Winterbach,Dinkelsbühl,Scheidegg,Speyer,Grassau,Tübingen,Bretzfeld,Trier,Bremerhaven,Sinzheim,Gmund am Tegernsee,Munchengladbach,Andechs,Freinsheim,Aschau im Chiemgau,Bissersheim,Lauterbach,Rothenburg ob der Tauber,Sommerhausen,Biberach,Stuttgart,Reichertshausen,Reichshof,Dortmund,Langenhagen,Stephanskirchen,Bilsen,Starnberg,Twist,Neuhausen,Gernsbach,Haltern am See,Kreuzwertheim,Ofterschwang,Wuppertal,Kehl,Weissenstadt,Niederhausen,Kaisheim,Maintal,Friedrichshafen,Oberursel,Harsewinkel,Wustrow,Birkweiler,Sankt Peter-Ording,Bad Neuenahr-Ahrweiler,Heßdorf,Bad Teinach-Zavelstein,Langerwehe,Pulheim,Ettlingen,Quedlinburg,Bad Rippoldsau,Kenzingen
Singapore;Singapore
Hong Kong;Hong Kong
Czechia;Prague
Macau;Macau
Thailand;Chiang Mai,Chon Buri,Samut Prakan,Nakhon Ratchasima,Phuket,Samut Sakhon,Surat Thani,Phra Nakhon Si Ayutthaya,Udon Thani,Bangkok,Ko Samui,Phang-Nga,Khon Kaen,Nonthaburi,Pathum Thani,Nakhon Pathom,Ubon Ratchathani
Dubai;Dubai
Malta;St Paul's Bay,Gzira,Marsaxlokk,Kalkara,Mdina,Valletta,Birgu,St Julian's,Sliema,Xagħra,Naxxar,Mellieħa,Attard,Għajnsielem,Balzan,Rabat
Bedok (Bedok South Food Centre), #01-50, 16 Bedok South Road, 460016, Singapore;Singapore
Netherlands;Hoofdplaat,Ootmarsum,Vijlen,Roosendaal,Hengelo,Driebergen-Rijsenburg,Yerseke,Grou,Hellendoorn,Delft,Oosterhout,Maasbracht,Veghel,Amersfoort,Houten,Vreeland,Wijdewormer,Aduard,Capelle aan den IJssel,Hilversum,Cromvoirt,Bennekom,Nijmegen,Woudrichem,Heeze,Koudekerke,Heemstede,Papendrecht,Schagen,Zuidlaren,Kaag,Cadzand,Landgraaf,Garnwerd,Zoetermeer,Hoorn,Beek,Posterholt,Bergambacht,Doornenburg,Rottevalle,Bergschenhoek,Boxtel,Wahlwiller,Tilburg,Montfoort,Vollenhove,Amstelveen,Bilthoven,Duiven,Waalre,Eastermar,Ubachsberg,Oudewater,Zeist,Kruiningen,Steenbergen,Harlingen,Vught,Meerssen,Rijswijk,Buren,Wijk bij Duurstede,Alkmaar,Lage Vuursche,Vaassen,Hilvarenbeek,Kerkdriel,Hoofddorp,Eijsden,Elsloo,Lattrop,Zwolle,Wageningen,Bussum,Noordeloos,Schipluiden,Zenderen,Eindhoven,Oirschot,Castricum,Wilhelminadorp,Terwolde,Beetsterzwaag,Enter,Velp,Nuth,Oudendijk,Nuenen,Haren,Venray,Geertruidenberg,Oudeschild,Rotterdam,Vessem,Arnhem,Nijkerk,Philippine,Blaricum,Nootdorp,Utrecht,Breda,Groningen,Enschede,Willemstad,Almelo,Dalfsen,Eersel,Gulpen,Leersum,Nieuwersluis,Holten,Giethoorn,Overloon,Spakenburg,De Lutte,Noordwijk aan Zee,De Mortel,Geleen,Almere-Haven,Ravenstein,Wijk aan Zee,Bavel,Voorburg,Fluitenberg,Leeuwarden,Haarlem,Maartensdijk,De Koog,Breukelen,Woerden,Schinnen,Woubrugge,Harderwijk,Wolphaartsdijk,Wateringen,Onderdendam,Sint Willebrord,Hindeloopen,Koewacht,Malden,Kortgene,Linschoten,Weert,Nunspeet,Wergea,Brummen,Nieuwe-Niedorp,Wervershoof,Doetinchem,Soest,Urk,Haaren,Rozendaal,Amerongen,Amsterdam,Bergen op Zoom,Domburg,Oisterwijk,Ouderkerk aan de Amstel,Gramsbergen,Roermond,Sint Anna ter Muiden,Leende,Steenwijk,The Hague,Leiden,Naarden,Meppel,Helmond,Winsum,Berg en Dal,Sint-Oedenrode,Sluis,Voorschoten,Delden,Nieuwegein,Schoorl,Valkenburg,Heerlen,Loenen aan de Vecht,Veldhoven,Goes,Ugchelen,Valthe,Heelsum,Oude-Wetering,Warmond,Doesburg,Leidschendam,Borculo,Maastricht,Oosterend,Venlo,Oegstgeest,Hattem,Middelburg,Druten,Apeldoorn,Zutphen,s-Hertogenbosch,Gouda,Rhenen,Groede,Blokzijl,Reijmerstok,Den Hoorn,Deventer,Breskens,Borne,Hardenberg,Peij,Midsland,Noorden,Hoeven,Wolvega,Dordrecht,Otterlo,Winterswijk,Hapert,Staphorst,Leuvenum,Overveen
Sweden;Malmo,Rydöbruk,Ystad,Mölnlycke,Växjö,Linkoping,Simrishamn,Tvååker,Borgholm,Gothenburg,Stockholm
Vietnam;Da Nang,Hanoi,Ho Chi Minh City
Andorra;Escaldes-Engordany,Andorra la Vella,Soldeu
Ireland;Castlemartyr,Bullaun,Gorey,Waterford,Ballydehob,Dublin City,Howth,Dundalk,Dingle,Kinsale,Thomastown,Blacklion,Dun Laoghaire,Malahide,Dunmore,Clonegall,Blackrock,Ballyfin,Maynooth,Roundwood,Doolin,Carrickmacross,Ardmore,Ballycotton,Greystones,Cavan,Athlone,Dungarvan,Killorglin,Carlingford,Letterkenny,Tramore,Galway,Glen,Limerick,Cashel,Kildare,Westport,Naas,Duncannon,Liscannor,Cong,Cork,Adare,Baltimore,Killarney,Kilkenny,Abbeyleix,Kenmare,Rathangan,Ballyvaughan,Ballynahinch,Carrick-on-Shannon
Qatar;Doha
Poland;Ciekocinko,Warsaw,Gdansk,Krakow,Kościelisko,Poznan,Gdynia,Sopot
Siam Design Hotel, 865 Rama 1 Road, Wang Mai, Pathum Wan, Bangkok, 10330, Thailand;Bangkok
France;Saint-Jean-de-Blaignac,Juvigny-sous-Andaine,Dieppe,Arcangues,Payrin-Augmontel,Sommières,Colombiers,Colombey-les-Deux-Églises,Levernois,Sète,Charolles,Dunières,Evreux,Peillon,Cogolin,Leucate,Tréguier,Gazeran,Ventabren,Casteculier,Castillon-du-Gard,Montmorillon,Plougasnou,Pornic,Bergerac,Alluy,Trébeurden,Saint-Junien,Jassans-Riottier,Quimperlé,Rimbach-près-Guebwiller,Briançon,Lauzun,Richardménil,Beaulieu-sur-Mer,Bagnols,Gambsheim,Varennes-Vauzelles,Ygrande,Chevreuse,Cluny,Porspoder,Val-Thorens,Moulins,Le Pontet,Bagnoles-de-l'Orne,Vals-les-Bains,Fleurie,Barretaine,Drusenheim,Briollay,Angers,Aurillac,La Celle,Deauville,Sainte-Maxime,Paimpol,Bourg-Charente,Luc-sur-Orbieu,Viuz-en-Sallaz,Mancenans-Lizerne,Trèbes,Cheverny,Pujaudran,Guewenheim,Colombières-sur-Orb,Milly-la-Forêt,Fontjoncouse,Sélestat,Cormery,Berrwiller,Audrieu,Les Salles,Chenonceaux,Lyon,Saint-Priest,Bonifacio,Orcines,Valmont,Lyons-la-Forêt,La Ferrière-aux-Étangs,Arradon,Avignon,Beaugency,Saint-Benoît-sur-Loire,Allauch,Busnes,Audierne,La Trinité-sur-Mer,Baden,Pau,Locronan,Saint-Béron,Mézos,Béziers,Eymet,Maussane-les-Alpilles,Châtelaillon-Plage,Languimberg,Jausiers,Tresserve,Biot,Alby-sur-Chéran,Quint-Fonsegrives,Sainte-Marie-de-Ré,Breuillet,Le Cannet,Marly-le-Roi,Guérande,Buzançais,Auxerre,Lauris,Meyronne,Lavalette,Les Contamines-Montjoie,Noirmoutier-en-l'Île,Rouvres-en-Xaintois,Boulleret,Attin,Saint-Galmier,Obersteinbach,Préaux-du-Perche,Chénérailles,Montbéliard,La Chapelle-d'Abondance,Montagnac,Bellevigne-en-Layon,Brest,Bozel,Speloncato,Sargé-sur-Braye,Neuillé-le-Lierre,Le Coteau,Sainte-Anne-d'Auray,Tournemire,Belcastel,Bressieux,Morsbronn-les-Bains,Bandol,Cahors,Pontchâteau,Mende,Perpignan,Richelieu,Tain-l'Hermitage,Viré,Ansouis,Saint-Cirq-Lapopie,Le Buisson-de-Cadouin,Beblenheim,Caëstre,Vagnas,Gesté,Mornay-sur-Allier,Puligny-Montrachet,Ribeauvillé,Montauban,Saint-Affrique,Chamalières,Hasparren,Maulévrier,Maffliers,Saint-Langis-lès-Mortagne,Piré-Chancé,Villeneuve-le-Comte,Gruffy,Hérouville-Saint-Clair,Rexingen,Château-Arnoux-Saint-Auban,Champcevinel,Bonnevaux,Le Louroux,Saint-Rémy-de-Provence,Solesmes,Issoire,Bondues,La Bernerie-en-Retz,La Baule,Vault-de-Lugny,Landéda,Beauvoir-sur-Mer,Beauvoir-en-Royans,Vire Normandie,Gyé-sur-Seine,Delme,Château-d'Olonne,Saint-Pol-de-Léon,Saint-Ouen-les-Vignes,Granville,Mercuès,Saint-Germain-des-Vaux,Calvi,Saint-Germain-lès-Arlay,Saint-Lizier,Tavel,Vezeronce-Curtin,Le Tremblay-sur-Mauldre,Aups,Fleury,Grignan,Les Sorinières,Limoux,Sainte-Sabine,Plérin,Ambialet,Roscoff,Saint-Lunaire,Fontainebleau,Vendôme,Molitg-les-Bains,Saint-Étienne-du-Vauvray,Chartres,Vonnas,Saint-Céré,Fouesnant,Vaux-sur-Mer,Belfort,Colroy-la-Roche,Rochefort-en-Terre,Périgueux,Saint-Pair-sur-Mer,Nevers,Cagnes-sur-Mer,Montbrison,Plouharnel,Bayonne,Vagney,Alleyras,Roppenheim,Châteaubriant,Saint-Jean-de-Trézy,Dommartin-lès-Remiremont,La Roche-sur-Yon,Saint-Cyprien,Vesc,Marlenheim,Montner,Monthion,Quarré-les-Tombes,Montignac-Lascaux,Sauzon,La Seyne-sur-Mer,Les Mées,Puteaux,Sauveterre-de-Comminges,Cairanne,Châtel,Barbotan-les-Thermes,Kilstett,Fursac,Argelès-sur-Mer,Salies-de-Béarn,Saumur,Saint-Sylvestre-sur-Lot,Balma,Saint-Lary-Soulan,Olargues,Rospez,Arcizans-Avant,Montlouis-sur-Loire,Brebières,Fontaine-Daniel,Châtel-Guyon,Ambierle,Polliat,Néris-les-Bains,Epernay,Le Bourget-du-Lac,Assier,Cuiseaux,Castelnau-de-Montmiral,Hossegor,Savonnières,La Vacquerie-et-Saint-Martin-de-Castries,Saint-Denis-le-Vêtu,Saint-Maurice,Cieurac,Le Lavandou,Les Carroz-d'Arâches,Saint-Pierre-d'Oléron,La Clusaz,Villefranche-sur-Saône,Augerolles,Montreuil,Sauveterre-de-Rouergue,Thiers,Le Creusot,Saint-Étienne-de-Baïgorry,Langoëlan,Les Gets,Valence,Uriage-les-Bains,Dinan,Locquirec,Attiches,Aulon,Lannepax,Ainay-le-Château,Reuilly,Semur-en-Auxois,Gassin,La Colle-sur-Loup,Vaudevant,Gevrey-Chambertin,Baix,Premeaux-Prissey,Marigny-Saint-Marcel,Montcenis,Jurançon,Les Damps,Menthon-Saint-Bernard,Argentan,Erbalunga,Danjoutin,Rolleboise,Montbron,Angoulême,Nanterre,Chonas-l'Amballan,Saint-Vit,Labaroche,Billiers,Aumale,Champillon,Lorgues,Crozant,Ammerschwihr,Fontevraud-l'Abbaye,Abreschviller,Saint-Mont,Saint-Yrieix-la-Perche,Garons,Rémalard-en-Perche,Mollkirch,Haguenau,Graufthal,Albaret-Sainte-Marie,Vandenesse-en-Auxois,Charlieu,Chassagne-Montrachet,Caluire-et-Cuire,Massignac,Le Meux,Guer,Ambronay,Beaulieu-sur-Dordogne,Metz,Saint-Lô,Lascabanes,Caudebec-en-Caux,La Garde,Cornier,Villegenon,Écouviez,Saint-Omer,Voiron,Allex,Dampierre-en-Yvelines,Poisson,Chahaignes,Oucques,Pfulgriesheim,Uzès,Velluire,Lembach,Parcey,Kaysersberg,Le Mans,Dolus-d'Oléron,Richerenches,Saint-Germain-en-Laye,Carhaix-Plouguer,Galan,Westhalten,Ban-de-Laveline,Mandelieu-La Napoule,Saint-Martial-de-Nabirat,Saint-Martin-sur-la-Chambre,Puy-en-Velay,Amboise,Le Conquet,Mane,Vidauban,Moirax,Vauvenargues,Malataverne,Bonnétage,La Haye,Saint-Gilles-Croix-de-Vie,Saint-Omer-en-Chaussée,Machilly,Royat,Briant,Montarcher,Saint-Péray,Aizenay,Gémenos,Saint-Vincent-de-Cosse,L'Herbaudière,La Turballe,Coulanges-la-Vineuse,Itxassou,Montcy-Notre-Dame,Boismorand,Pont-de-Vaux,Le Reposoir,Montsoreau,Saint-Félix-Lauragais,Flayosc,Guiche,Vallières-les-Grandes,Iguerande,Le Beausset,Saint-Gervais-les-Bains,Orsan,Valras-Plage,Issigeac,Pont-de-l'Isère,Saint-Julien-en-Vercors,Conques-en-Rouergue,Plappeville,Pommard,Toulon,Beauvais,Pernand-Vergelesses,Nieul,Vailhan,Perros-Guirec,Mûr-de-Bretagne,Hattstatt,Sainte-Foy-la-Grande,Lucinges,Montchenot,Luzy,Saint-Martin-de-Belleville,Fougères-sur-Bièvre,Maisons-Laffitte,Eygalières,Saint-Valentin,Montluçon,Saint-Nazaire,Ozenay,Villers-le-Lac,Audresselles,Bruniquel,Monbazillac,La Croix-Valmer,Dirac,Issy-les-Moulineaux,Lavaur,Lempaut,Châteauroux,Goult,La Rosière,Carantec,San-Martino-di-Lota,La Flèche,Lastours,Sérignan-du-Comtat,Blainville-sur-Mer,Fouday,Val-d'Isère,Rhinau,Écully,Dissay,Joucas,L'Abergement-Clémenciat,Mûrs-Erigné,Plomodiern,Barr,Ligré,Opio,Clara,Volmunster,Anthy-sur-Léman,Fontaine-de-Vaucluse,La Vancelle,Mérindol,Brem-sur-Mer,Flers,Montaigu,Basse-Goulaine,Colombes,Mougins,Bommes,Bouzigues,Saint-Rémy,Alençon,Chantilly,Weyersheim,Sainte-Preuve,Vallon-en-Sully,Frontignan,Lapoutroie,Plaisir,Villeréal,Loos,Merkwiller-Pechelbronn,Doué-la-Fontaine,La Flotte,Acquigny,Cassis,Grandcamp-Maisy,Rion-des-Landes,Poncin,Olivet,Seychalles,Bidart,Rennes,Saint-Grégoire,La Ciotat,Crolles,Saint-Denis-d'Oléron,Saint-Emilion,Bourgvilain,Isneauville,Renaison,Albertville,Kientzheim,Maxilly-sur-Léman,Le Broc,Parnac,Samoëns,Pringy,Croutelle,Chaumont-sur-Loire,Les Deux-Alpes,Méry-sur-Oise,Chevannes,Bourgoin-Jallieu,Cesson-Sévigné,Lagrasse,Bruz,Cercié,Bonlieu,Maillane,Le Subdray,Martillac,Lacroix-Falgarde,Chaintré,Sauternes,Barjac,Rungis,Pont-Aven,Chambord,Port-Joinville,Cevins,Melun,Cruseilles,Gigondas,Brive-la-Gaillarde,Guingamp,Bizanos,Wihr-au-Val,Carquefou,Santa-Reparata-di-Balagna,Combes,Pradelles-en-Val,Amiens,Sainte-Maure,Riquewihr,Nœux-les-Mines,Wierre-Effroy,Houlgate,La Garnache,Tréboul,Le Thou,Carnac,Chabanais,Epinal,Barcus,Beaulieu-sous-la-Roche,Sousceyrac-en-Quercy,Vaux-en-Beaujolais,Villars,Espaly-Saint-Marcel,Illhaeusern,Saché,Le Petit-Quevilly,Limoges,Meudon,Dinard,Le Monêtier-les-Bains,La Borne,Chilleurs-aux-Bois,Agde,Nice,Nernier,La Pernelle,Cabourg,Mouchard,Cambo-les-Bains,Cassel,Penmarc'h,Saint-Sernin-du-Bois,Agen,Lempdes,Thoiry,Vailly,Geneston,Le Grand-Bornand,Plescop,Mayenne,Auriac,Le Rouret,Pléhédel,Saint-Alban-les-Eaux,Chorey-lès-Beaune,Port-en-Bessin,Renescure,Morbecque,Mâcon,Saint-Germain,Huningue,Marseillan,Pezens,Brélès,Sens,Thonac,Saint-Aubin,Gargas,Monaco,Pfaffenhoffen,Remiremont,Marennes,Boudes,Saint-Médard,Chasselay,Faulquemont,La Ferté-Bernard,Les Herbiers,Montendre,Saint-Louis,Bretignolles-sur-Mer,Chambolle-Musigny,Argelès-Gazost,Chênehutte-Trèves-Cunault,Uchaux,Saint-Romain,Espelette,Biarritz,Toulouse,Les Arques,Port-Lesney,Rohan,Rivesaltes,Schiltigheim,Clisson,Aniane,Malbuisson,Montagne,Bernières-sur-Mer,Propriano,Boulogne-sur-Mer,Saint-Cyr-sur-Loire,Moosch,Nîmes,Gaujac,Prades,Sartène,Zuytpeene,Ramonville-Saint-Agne,Baerenthal,Combeaufontaine,Noyal-sur-Vilaine,Quimper,Goumois,Soyaux,Loué,Port-Louis,Château-Thébaud,Entraygues-sur-Truyère,Honfleur,Reignier,Griesheim-près-Molsheim,Nantes,Saint-Michel-Chef-Chef,Minerve,Besançon,Saleilles,Orthez,L'Albenc,Pont-du-Château,Urrugne,Saint-Jean-Cap-Ferrat,Mézy-Moulins,Rethondes,Strasbourg,Bossey,Vaison-la-Romaine,Les Monthairons,Chinon,Osthouse,Saint-Brieuc,Saint-Dié-des-Vosges,Goulles,Vignieu,Lavaudieu,Laroque-des-Albères,Saint-Aignan,Bordeaux,Saint-Vrain,Bastelicaccia,Voisins-le-Bretonneux,Saint-Saturnin,Mers-les-Bains,Loches,Le Teich,Guainville,Gordes,Calvisson,Saint-Antonin-du-Var,Illies,Pouilly-sous-Charlieu,Loire-sur-Rhône,Beaumettes,Bresson,Espalion,Ouistreham,La Rochelle,Montmorency,Onzain,Collias,Bourges,Cellettes,Évian-les-Bains,Chassy,Cherisy,Alvignac,Crozet,Tours,Nyons,Chigny-les-Roses,La Madelaine-sous-Montreuil,Rodez,Labarde,Gueberschwihr,Reims,Ciboure,Bernay,Cannes,Digoin,Pornichet,Châteauneuf-de-Gadagne,Pleudihen-sur-Rance,Montrouge,Saint-Pée-sur-Nivelle,Loiré,Ussel,Sainte-Cécile,Courlans,Céré-la-Ronde,Charols,Wambrechies,Le Havre,Eguisheim,Lille,Saint-Donat-sur-l'Herbasse,Courchevel,La Ferté-Saint-Cyr,Fontenoy-la-Joûte,Eaucourt-sur-Somme,Neuilly-sur-Seine,Nestier,Tourrettes-sur-Loup,Lectoure,Sancerre,Générac,Ay-sur-Moselle,Munster,Narbonne,Nassandres-sur-Risle,Brie-Comte-Robert,Terrasson-Lavilledieu,Beaumont-en-Auge,Ramatuelle,Port-Vendres,Alpe-d'Huez,Saint-Chamas,Le Pin-la-Garenne,Lumio,Cavalière,Tulle,Monestier,Champlive,Availles-en-Châtellerault,Missillac,Puymirol,Daglan,La Petite-Pierre,Plouider,Arès,Sand,Ville-d'Avray,Marseille,Cherbourg-en-Cotentin,Ploemeur,Montmerle-sur-Saône,Saint-Georges-sur-Cher,Montbazon,Laguiole,Altillac,Ardon,Wingen-sur-Moder,Auray,Serviers-et-Labaume,Naucelle,Saint-Martin-de-Ré,Bezannes,Fondettes,Seillans,Solutré-Pouilly,Bricqueville-sur-Mer,Megève,Rambouillet,Saugues,Bessines,Assignan,Riec-sur-Belon,Castres,Roanne,Gérardmer,Saint-Florent,Arvigna,Grimaud,Sillery,Mondragon,Traenheim,Laragne-Montéglin,Arnage,Cadenet,Boulogne-Billancourt,Beauvois-en-Cambrésis,Sarzeau,Le Perreux-sur-Marne,Meursault,Vence,Sabran,Bonne,Riedisheim,Chamesol,Veyras,Urmatt,Avrillé,Brantôme,Rixheim,Notre-Dame-de-Bellecombe,Rouen,Yvoire,Quissac,Saint-Cannat,Arcachon,Cuttoli,Beaurecueil,Briscous,Gundershoffen,Pléneuf-Val-André,Saint-Quentin-sur-le-Homme,Hagondange,Valloux,Monteils,Les Baux-de-Provence,Lingolsheim,Rayol-Canadel-sur-Mer,Callas,Lescar,Montenach,Grane,Roussillon,Le Breuil-en-Auge,Chaudes-Aigues,Bonnieux,Couilly-Pont-aux-Dames,Fuissé,Le Bouscat,Cajarc,Saint-Quirin,Donzenac,Rosenau,Vic-sur-Cère,Bâgé-le-Châtel,Montmarault,Pouillon,Salles-la-Source,Calais,Collioure,Les Sables-d'Olonne,Vergongheon,La Teste-de-Buch,Sare,Pontivy,Ambert,Kervignac,Saintes,Croix,Gien,Plouguerneau,Chambéry,Cholet,Collonges-au-Mont-d'Or,Savigny-lès-Beaune,Poitiers,Les Marches,Salon-de-Provence,Saint-Patrice,Banyuls-sur-Mer,Boutervilliers,Douai,La Roche-l'Abeille,Barneville-Carteret,Castelnau-de-Lévis,Saint-Lieux-lès-Lavaur,Saint-Paul-lès-Dax,Corrençon-en-Vercors,Les Arcs,Saint-Jean-d'Arvey,Murat,Trosly-Loire,Valdeblore,Bermicourt,Bidarray,Laval,Le Rheu,Saint-Avé,Veyrier-du-Lac,Muret-le-Château,Irouléguy,La Turbie,Auzeville-Tolosane,Fontvieille,Mont-de-Marsan,Avallon,Ostwald,Gambais,Niederschaeffolsheim,Orléans,Saint-Malo,Tournon-sur-Rhône,Urt,Carsac-Aillac,Giverny,Hésingue,Veynes,Combloux,Urville-Nacqueville,Lunéville,Saint-Gervais-sur-Mare,Olmeto,Ville-du-Pont,Cotignac,Boeschepe,Couëron,Casteljaloux,Ceintrey,Heugueville-sur-Sienne,Blienschwiller,Pamiers,Montfuron,Villemagne-l'Argentière,Antibes,Cognac,Morlaix,Bormes-les-Mimosas,Lattes,Saint-Astier,Barbentane,Le Tronchet,Combrit,Donnemarie-Dontilly,Figeac,Rognes,Belleville-en-Beaujolais,Douarnenez,Le Tréport,Tournus,Villeneuve-lès-Avignon,Arveyres,Villeblevin,Beaune,Kembs,Lacave,Aubenas,Apremont,Fayence,Vinay,Ile de Porquerolles,Andlau,Bayeux,Verrières-de-Joux,Trémolat,Rueil-Malmaison,Chazelles-sur-Lyon,Plonévez-Porzay,Marcolès,Granges-les-Beaumont,Monpazier,Beuvron-en-Auge,Ainhoa,Talloires-Montmin,Asnières-sur-Seine,Caen,Le Crotoy,Yerres,Montlivault,Natzwiller,Cabriès,L'Isle-sur-la-Sorgue,Pont-Sainte-Marie,Vienne,Saint-Cloud,Juan-les-Pins,Lorquin,Chaumousey,Gouy-Saint-André,Stiring-Wendel,Albi,Castelnau-le-Lez,Montceau-les-Mines,Préfailles,Le Poët-Laval,Font-Romeu,Belle-Église,Bellerive-sur-Allier,Fleury-sur-Orne,Sainte-Geneviève-sur-Argence,Saint-Martin-du-Tertre,Saint-Jean-de-Sixt,Dracy-le-Fort,Saint-Didier-de-la-Tour,Val-Revermont,Condorcet,Étaples,Saint-Joachim,Carspach,Clairefontaine-en-Yvelines,Sampans,Saint-Cast-le-Guildo,Vichy,Bagnères-de-Bigorre,La Biolle,Étouy,Magescq,Seignosse,Bracieux,Caromb,Èze,Mesnil-Saint-Père,L'Ile-Bouchard,Lannion,Le Villars,Pomerol,Capbreton,Saint-Avit-Sénieur,Saulieu,Golfe-Juan,Paris,Usclades-et-Rieutord,Tourcoing,Cancale,Chamonix-Mont-Blanc,Margaux,Tarbes,Alès,Valenciennes,Eyragues,Bitche,La Garenne-Colombes,Parentis-en-Born,Roye,Laon,Grasse,Montélimar,Sarreguemines,Laubach,Le Grau-du-Roi,Sierentz,Montbellet,Irissarry,Romorantin-Lanthenay,Itterswiller,Wœlfling-lès-Sarreguemines,Pupillin,Courseulles-sur-Mer,Saint-Alban-Leysse,Saint-Etienne,Uza,Chavignol,Esvres-sur-Indre,Saint-Bonnet-le-Château,Étupes,Soultz-sous-Forêts,Saint-Savin,Chagny,Chablis,Gasny,Les Ponts-de-Cé,Saint-Paul-en-Jarez,Montargis,Les Molunes,Guéthary,Ajaccio,Chamagne,Rouffach,Troyes,Aumont-Aubrac,La Gacilly,Pinsaguel,Muhlbach-sur-Munster,Fréland,Cadillac,Pailherols,Wissembourg,Marmande,Vertou,Saint-Jean-Pied-de-Port,Vincennes,Suresnes,Aix-en-Provence,Aubigny-sur-Nère,Coulombiers,Le Touquet-Paris-Plage,Veuzain-sur-Loire,Châteauneuf-du-Pape,Vallon-Pont-d'Arc,Reyrieux,Vic-en-Bigorre,Ingersheim,Praz-sur-Arly,Gourdon,Mont-près-Chambord,Vitré,Bélesta,Sénas,Dury,Hyères,Ottrott,Le Grand-Lucé,Volnay,Manosque,Pujaut,Port-Navalo,Le Pont-de-Claix,Le Sambuc,Saint-Rogatien,Aix-les-Bains,Tignes,Paradou,Manigod,Bozouls,Lormont,Buxy,Martres-Tolosane,Tencin,Larrau,Jumièges,Aigues-Mortes,Steige,Hochstatt,La Tronche,Magné,Semblançay,Port-Goulphar,Gujan-Mestras,Nancy,Varades,Santenay,Vaugines,Crozon,Puylausic,Bué,Joigny,Luçon,Tourrettes,Favières,Verneuil-d'Avre-et-d'Iton,Billy,Castanet-Tolosan,Romans-sur-Isère,Saint-Bonnet-le-Froid,Grilly,Villeneuve-Loubet,Cavaillon,Montrabé,Demigny,Castéra-Verduzan,Groisy,Sailly-sur-la-Lys,Cocurès,Dijon,Nonza,La Wantzenau,Thiron-Gardais,Vézelay,Aureville,Concarneau,Menton,Coutances,Béthune,Blois,Noisy-le-Grand,Altkirch,Castries,Coligny,Gresse-en-Vercors,Saint-Valery-sur-Somme,Montréverd,Tourtour,Saint-Léonard,Saint-Forgeux-Lespinasse,Orange,Arbonne,Flassans-sur-Issole,Bar-le-Duc,Avize,Grenoble,Annecy,Courban,Auzouville-sur-Saâne,Les Eyzies-de-Tayac-Sireuil,Autrans-Méaudre en Vercors,Porticcio,Saint-André-de-Cubzac,Saint-Paul-de-Vence,La Jarrie,Parçay-Meslay,Scherwiller,Sessenheim,Lunel,Peri,Le Mont-Dore,La Roche-Bernard,Pontoise,Prats-de-Mollo-la-Preste,Gruson,Montpellier,Villeneuve-de-Berg,Rouffiac-Tolosan,Pernes-les-Fontaines,Pigna,Mirmande,Monswiller,Aulnay-sous-Bois,Gex,Obernai,Saint-Girons,Anse,Dole,Villevieille,Aillon-le-Jeune,Le Petit-Pressigny,Niort,Saint-Hilaire-de-Brethmas,Porto-Vecchio,Chalon-sur-Saône,Fougères,Plougonvelin,Bourg-en-Bresse,Le Rozier,Saint-Raphaël,St-Josse,Trouville-sur-Mer,Cambrai,L'Houmeau,Etretat,Ploumanach,Arbois,Langon,Cliousclat,Floirac,Le Puy-Sainte-Réparade,Colmar,Cucuron,Gouy-en-Artois,Charmes-sur-Rhône,Villefranche-de-Rouergue,Hauteluce,L'Isle-d'Abeau,Méribel,Eugénie-les-Bains,Le Frenz,Plourhan,Mézériat,Montech,Palavas-les-Flots,Charroux,Pézenas,Bouliac,Nérac,Laguépie,Compiègne,Le Pin-au-Haras,Altwiller,Moustiers-Sainte-Marie,Belley,Corbeil-Essonnes,Versailles,Clermont-Ferrand,Saint-Martin-de-Londres,Niedersteinbach,Azay-le-Rideau,La Roque-Gageac,Villard-de-Lans,Cuq-Toulza,Levie,Saint-Justin,Gaillac,Saint-Alban-de-Roche,Bedoin,Lecci,Livron-sur-Drôme,Meucon,Villerest,Courcelles-sur-Vesle,Puylaurens,Binic,Taillades,Prenois,Neyrac-les-Bains,Martigues,Feldbach,Saint-Tropez,Saint-Méloir-des-Ondes,Saint-Pierre-de-Jards,Douvaine,Hambye,Villemur-sur-Tarn,Les Fins,Seclin,Montanges,Thionville,Villedieu,Auch,Col de la Schlucht,Sauxillanges,Duingt,Saint-Romain-de-Colbosc,Lorient,Saint-Gély-du-Fesc,Brochon,Fillé,Candé-sur-Beuvron,La Plaine-sur-Mer,La Roque-d'Anthéron,Saint-Léon-sur-Vézère,Ouches,La Bussière-sur-Ouche,Châtillon-sur-Chalaronne,Millançay,Senlis,Buellas,Théoule-sur-Mer,Veuil,Clichy,Marcq-en-Barœul,Ousson-sur-Loire,Pyla-sur-Mer,Névez,Servoz,Klingenthal,Puymoyen,Saint-Cyr-sur-Mer,Langres,Fréjus,Le Castellet,Mulhouse,Saint-Julien-Chapteuil,Beaumesnil,Châlons-en-Champagne,Roubion,Vouvray,Sainte-Cécile-les-Vignes,Montauroux,Arles,Contres,Jongieux,Les Vans,Solignac-sous-Roche,Cahuzac-sur-Vère,Mathieu,Le Grand-Village-Plage,Saint-Amour-Bellevue,Availles-Limouzine,Saint-Vincent-de-Tyrosse,Replonges,Mareuil-sur-Lay-Dissais,Servon,Vannes,Villefranche-sur-Mer,Annonay,Vallauris,Carcassonne,Le Croisic,Mérignac,Saint-Jean-de-Luz
Lithuania;Klaipeda,Radiškis,Kaunas,Vilnius,Trakai
Serbia;Belgrade,Novi Slankamen
Croatia;Konjevrate,Mošćenička Draga,Bale,Korcula,Porec,Tucepi,Stari Grad,Banjole,Gradac,Rovinj,Vodice,Cavtat,Rijeka,Trogir,Zadar,Brtonigla,Sibenik,Opatija,Zagreb,Varaždin Breg,Legrad,Mali Lošinj,Osijek,Valbandon,Krapina,Mačkovec,Novigrad,Lovrečica,Supetar,Jastrebarsko,Novalja,Varazdin,Buje,Umag,Velika Gorica,Murter,Pula,Split,Dubrovnik,Hvar,Ilok
USA;Paso Robles,Berkeley,Austin,Del Mar,San Jose,Pleasantville,Arlington,Albany,Half Moon Bay,City of Industry,Spring,Venice,Rancho Palos Verdes,Carlsbad,Hollywood,Roswell,Eastchester,Mill Valley,Los Gatos,San Leandro,Newport Beach,Roseville,Aspen,Washington,Cerritos,Temple City,Rosemead,Menlo Park,New Rochelle,San Carlos,Dallas,Coronado,Costa Mesa,San Luis Obispo,Huntington Beach,Saratoga,Sonoma,Bodega Bay,Beverly Hills,Chamblee,El Granada,Queens,Orlando,Miami Beach,Laguna Beach,Carmel-by-the-Sea,Elk,Bronxville,Oakland,Seaside,Rutherford,Newbury Park,Peekskill,Tustin,Healdsburg,Mamaroneck,Marina del Rey,Inverness,Sacramento,Woodland Hills,Boulder,Campbell,Novato,White Plains,Kentfield,Marietta,Bellaire,Big Sur,Mountain View,Yountville,Alameda,Pearland,Brooklyn,West Hollywood,Hastings-on-Hudson,San Anselmo,Coral Gables,Point Reyes Station,Rye,New York,Rowland Heights,Oceanside,Avon,Montecito,Winter Park,Miami,San Francisco,Lafayette,Daly City,Los Altos,Calistoga,North Salem,Vail,Belmont,Fort Worth,Encino,Johns Creek,Sausalito,Orange,Glendale,Mount Kisco,Inglewood,Studio City,San Diego,Staten Island,Tomball,Surfside,Bell Gardens,Manhattan Beach,Napa,Anaheim,Millbrae,Scarsdale,Glen Ellen,Solvang,Fairfax,Seal Beach,El Cerrito,Garden Grove,Arcadia,Ardsley,Carmel Valley,Pound Ridge,Winter Garden,Duluth,Boonville,Ojai,Alhambra,Redwood City,Culver City,Torrance,Denver,Aptos,Los Olivos,San Antonio,Seguin,San Rafael,Sherman Oaks,Palo Alto,Lockhart,Gardena,Westminster,Pleasanton,Santa Ana,Dobbs Ferry,Atherton,McKinney,Cupertino,Livermore,Pomona,Marshall,Tarrytown,Buena Park,Petaluma,Palm Springs,San Juan Capistrano,Los Alamos,Santa Cruz,Tampa,Avondale Estates,Elmsford,Pebble Beach,Hermosa Beach,Beaver Creek,Sebastopol,San Bruno,Burlingame,Pasadena,Decatur,Atlanta,Geyserville,Arroyo Grande,Hayward,Bronx,Woodside,Hartsdale,La Puente,San Gabriel,Chicago,Fullerton,La Jolla,Corte Madera,Irvington,Village of Pelham,Santa Barbara,Larkspur,Santa Monica,Forestville,Long Beach,Monrovia,Los Angeles,Monterey,Vallejo,Saint Helena,Houston,San Mateo
United Kingdom;Saltwood,Daylesford,Masham,Bury St Edmunds,St Kew,Kilpeck,Dundrum,Taplow,Fence,Chelsworth,Bagshot,Conwy,Ledbury,Bude,Ripon,Boscastle,Chester,Beaumont,Ullapool,Dorking,Croyde,Little Hucklow,Epwell,Grandtully,Leith,Winchester,Ascot,Leyburn,North Marston,Pittenweem,Horningsham,Batcombe,Strachur,Narberth,Tring,Hampton in Arden,Kenilworth,Penarth,Chew Magna,Rattlesden,Urmston,Torquay,Westerham,Exeter,Saundersfoot,Crayke,Goldsborough,Totnes,East Grinstead,Rowsley,Ponteland,Langford,Stoke-on-Trent,Caernarfon,Stratford-on-Avon,Port Isaac,Brecon,Cowley,Berrynarbor,Newton in Cartmel,Lichfield,Dolgellau,Llandrillo,Ashford,Stone,Darley Abbey,East Chisenbury,Docking,Liss,Tintern,Kirkburton,Malvern Wells,Hayfield,Flushing,Inverness,Topsham,Green Island,Knowstone,Perth,Hay-on-Wye,Biddenden,Corton Denham,Mousehole,Deal,Wootton,Southbourne,Moreton-in-Marsh,Upton Grey,Clevedon,Langho,Barmouth,Londonderry,Bray,Sheffield,Broughty Ferry,Henley-in-Arden,Howe Street,Penzance,Auchterarder,Bridge,Llanddewi Skirrid,Broadway,Buckland,Baslow,Craswall,Holt,Loughton,Fyfield,Gorran Churchtown,Anick,Bontnewydd,Abergavenny,Ilfracombe,Askham,Fen Ditton,Hoveringham,Wymeswold,Newcastle Upon Tyne,Nottingham,Burton Bradstock,Great Milton,Altarnun,Lizard,Southrop,Fordham,Hovingham,Ryde,Studland,Ambleside,Eldersfield,Lydford,Kingsbridge,Royal Tunbridge Wells,Armscote,Aberdeen City,Frithsden,Plymouth,Skelton,Whitstable,La Pulente,Porthleven,Islip,North Aston,Milborne Port,Falmouth,Llandderfel,Sherborne,St Andrews,Ingham,Preston,Louth,Port Mulgrave,South Ferriby,Harome,Hodnet,Broadstairs,Heckfield,Thornton,Weymouth,Aldeburgh,Bettws Newydd,Upper Sapey,Tangmere,Gattonside,Peasmarsh,Boylestone,Crosthwaite,Egham,St Aubin,Baughurst,Mitton,Braithwaite,South Dalton,Helmsley,Cardiff,St Albans,Saint Saviour,Stow-on-the-Wold,St Davids,Ridgeway,Anstey,Saint Merryn,Belfast,Chinnor,Wansford,East Mersea,St Helier,Byland,Peat Inn,Little Waltham,Leigh-on-Sea,Kineton,Summercourt,Dartmouth,Marlow,Kildrummy,Cheddleton,Gullane,City of Kingston-upon-Hull,Fordwich,Frodsham,Swinton,Wells,Tuddenham,Wall,Colwyn Bay,Ludlow,Murcott,Oswaldtwistle,Scawton,Padstow,Thorpe Market,Edinburgh,Tenby,Hunstanton,Holymoorside,Bakewell,Newlyn,Oxwich,Prestatyn,Woolfardisworthy,Sidford,Fowey,Penally,Mountsorrel,Port Gaverne,Yarmouth,Wrecclesham,Oxshott,Stanton,Woburn,Porlock,Cambridge,Witham on The Hill,Dedham,South Newington,Malmesbury,Taunton,Simonsbath,Horsforth,Castle Combe,Beaconsfield,Colchester,Ventnor,Clipsham,Aberlour,Little Eccleston,Bruton,Margate,Southleigh,North Queensferry,Drighlington,Henley-on-Thames,London,Zennor,Chapel-en-le-Frith,Lower Oddington,Brighton and Hove,Southport,Churchill,East Wallhouses,Flimwell,Ramsbury,New Alresford,Shrewsbury,Burnham Market,Hetton,Newbury,Castor,Sculthorpe,Tisbury,Lower Beeding,Tenterden,Trottiscliffe,Kilconquhar,Hawnby,Birmingham,Kilberry,Clyst St Mary,Inworth,Emsworth,Nailsworth,Lewannick,Skenfrith,Chagford,Arundel,Gorey,Bradford-on-Avon,Pulborough,St Ives,Bourton on the Hill,Ewell,Sowerby Bridge,Welland,Looe,Liverpool,Lyndhurst,Crawley,Killiecrankie,Willian,Harrogate,West Mersea,Pooley Bridge,Ashburton,Barnstaple,Bromeswell,Fort Augustus,Glasgow City,Worthing,Melrose,Barrington,Menai Bridge,Hurworth on Tees,Freshwater,Cartmel,Stoke Holy Cross,Stockbridge,Great Ouseburn,Norwich,South Wraxall,Birkenhead,Titchwell,Dumfries,Winchcombe,Harpenden,Crudwell,Hunsdon,Marden,Kirkby Lonsdale,Isle of Skye,Stoke-by-Nayland,Henfield,Great Durnford,Wambrook,Aughton,Petworth,Ballater,Tregaron,Bath,Winteringham,Wallingford,Braemar,Leeds,Lympstone,Montgomery,Crieff,Moira,Ilkley,Matlock,Brampton,Poole,Saint Brelade,Kilchoan,Port Appin,Goosnargh,Binfield Heath,Colerne,Horsham,Saint Issey,Old Windsor,St Monans,Goathland,Framlingham,Alfriston,Caistor St Edmund,Tenbury Wells,Knowle,Hedley on the Hill,Inverkeilor,Middleton Tyas,Alne,Aberthin,Stockport,Oakham,Oldstead,Halifax,Minster Lovell,Ripley,Maidenhead,Snettisham,Lewes,West Malling,Upper Slaughter,Westgate-on-Sea,Hambleton,Seasalter,Bowness-on-Windermere,Maltby,St Mellion,Esher,St Mawes,Wombleton,Tavistock,Nun Monkton,Shipston-on-Stour,City of Bristol,Moulton,Cardigan,Newquay,Kirkmichael,Lymington,Glastonbury,Kingham,Rock,Marton,South Petherton,Winterbourne,St Austell,Bournemouth,Amersham,Capel Dewi,Blair Athol,Whitebrook,Alnwick,Beaminster,Durham,West Hoathly,Swansea,Warwick,Oldham,Beverley,York,Fort William,Windsor,Bedale,Ellastone,Kilndown,Ilmington,Grasmere,Machynlleth,Whitchurch,Morston,Tytherleigh,Charlbury,Seaview,Bolnhurst,Oxford,St Leonards on Sea,Plungar,Whatcote,Gerrards Cross,Southborough,Lyme Regis,Barnt Green,Ticehurst,Achnasheen,Saint Helier,Cheltenham,Bidborough,Eckington,Holywood,Manchester,Wiswell,Mawnan Smith,Askrigg,Penton
Switzerland;Aire-la-Ville,Buonas,Wigoltingen / Hasli,Thun,Villarepos,Diessenhofen,Sankt Gallen,Teufen,Saas-Fee,Utzenstorf,Arbon,Brissago,Gals,Hérémence,Aran,Avegno,San Pietro di Stabio,Saanen,Lenzburg,Neuchâtel,Lausanne,Wengen,Schaffhausen,Granges,Rorschacherberg,Wengi bei Büren,Murten,Chêne-Bourg,Enney,Tarasp,Eschenbach,Stansstad,Uster,Champéry,Comano,Bulle,Geneva,Cerniat,Wölflinswil,Martigny,Grenchen,Burgdorf,Noville,Walenstadt,Basel,Reichenbach,Chardonne,Erlinsbach,Broc,Ronco sopra Ascona,Interlaken,Lucerne,Wädenswil,Trin,Meggen,Sursee,Andiast,Zug,Chexbres,Frauenfeld,Flüh,Bex,Saint-Blaise,Binn,Riva San Vitale,Dallenwil,Lömmenschwil,Baden,Menzingen,Winterthur,Le Brassus,Zurich,Fürstenau,Grandvaux,Satigny,Vevey,Blatten im Lötschental,Jenins,Lucens,Ollon,Laax,Kilchberg,Bellinzona,Saint Moritz,Collonge-Bellerive,Bernex,Stäfa,Adelboden,Carouge,Ennetbürgen,Hergiswil,Ottikon bei Kemptthal,Saint-Légier,Arosa,Obbürgen,Küsnacht,Vitznau,Auvernier,Cossonay,Bauen,Crissier,Aubonne,La Chaux-de-Fonds,Sonceboz,Muttenz,Onex,Liebefeld,Le Noirmont,Lichtensteig,Romoos,Villars-sur-Ollon,Gluringen Goms,Riemenstalden,Genolier,Tegna,Freidorf,Lyss,Langenthal,Adligenswil,Sihlbrugg,Sion,Yverdon-les-Bains,Castel San Pietro,Grub,Zollikon,Haute-Nendaz,Vico Morcote,Frutigen,Sauges,Stans,Brail,Valendas,Bad Ragaz,Champagne,Schenkon,Niedergösgen,Samedan,Verbier,Lugano,Klosters,Chéserex,Mels,Ascona,Madulain,Cugy,Flims,Rheineck,Savièse,Le Mont-sur-Lausanne,Steffisburg,Seuzach,Davos Platz,Crans-Montana,Balgach,Solothurn,Pleujouse,Rougemont,Birmenstorf,Losone,Ponte Brolla,Les Evouettes,Lens,Thônex,Corseaux,Schwarzenburg,Lostallo,Wangen bei Dübendorf,Gattikon,Brienz,Leytron,Biel,Cham,Fläsch,Ballaigues,Weissbad,Lenk im Simmental,Bottmingen,Künten-Sulz,Pfaffnau,Andermatt,Ebersecken,Schellenberg,Kreuzlingen,Walchwil,Erlenbach,Goldach,Brunnen,Plan-les-Ouates,Ligerz,Riex,Bubendorf,Aeschiried ob Spiez,Champex-Lac,Céligny,Freienstein-Teufen,Grüningen,Hildisrieden,Regensberg,Gais,Hermance,Spiez,La Punt-Chamues-ch,Wittenbach,Olten,Kestenholz,Trun,Riedholz,Taverne,Fislisbach,Binningen,Disentis,Sent,Pontresina,Rehetobel,Schwyz,Herrliberg,Sankt Niklausen,Stein am Rhein,Ernen,Centovalli/Intragna,Schüpfen,Locarno,Berne,Vaduz,Rigi Kaltbad,Vals,Grindelwald,Dietikon,Saillon,Chiasso-Seseglio,Cheseaux-Noréaz,Feusisberg,Montreux,Bubikon,Troinex,Hochdorf,Muralto,Massagno,Weggis,Emmenmatt,Wilderswil,Lachen,Richterswil,Sigigen,Yens,Zermatt,Madiswil,Muri,Conches,Trimbach,Lenzerheide,Messen,Charmey,Gstaad,Weesen,Ried-Muotathal,Oberwil,Wigoltingen,Monthey,Ilanz,Fribourg,Le Locle,Liestal
Spain;Playa de las Américas,Castellar del Vallès,Zamora,Anciles,Trujillo,Cartes,Jerez de la Frontera,Los Llanos de Aridane,Matapozuelos,Reus,Oñate,Quintana de los Prados,Illescas,Mundaka,Cocentaina,Sant Sadurní d'Anoia,Torrelodones,Jaén,Arbúcies,La Pobla de Segur,Jaraíz de la Vera,Amposta,Benicàssim,Morales de Rey,Ortiguera,Pozoblanco,Setcases,Biescas,Malaga,Sobarzo,Portugalete,Sant Julià de Ramis,Rábade,Sant Martí Sarroca,Sant Quirze del Vallès,El Palmar,Llafranc,Sigüenza,Inca,San Andrés de Camporredondo,Ferrol,Santa Cruz de Campezo,Tegueste,Castroverde de Campos,Valle de Carranza,Mungia,Oviedo,Barruera,Torrecaballeros,Roses,Cornellà del Terri,Ponte Ulla,Bidania,Treceño,Carballo,El Ejido,La Vega,Galdakao,Arnes,Tramacastilla de Tena,Pinedo,Sant Pol de Mar,Vecinos,Olvera,Freixo,Lugo,Ponts,Port de Sóller,Chía,Santander,Palencia,Lalín,El Puerto de Santa María,Olot,Santa Eulalia del Río,Ezcaray,Puente Genil,Alcossebre,Cadiz,El Rocío,Mieres,Villaverde de Pontones,Axpe,Cenes de la Vega,Sant Josep de sa Talaia,Maçanet de Cabrenys,Selva,Barcelona,Sanlúcar de Barrameda,Errenteria,Playa Blanca,Miranda de Ebro,Muxía,Pedroso de Acim,Agua Amarga,Getxo,Llançà,Santanyí,Sant Julià de Vilatorta,Valdemorillo,Villadepalos,Alcalá del Valle,Collado Mediano,Cabrils,Mondragón,Campaspero,Granada,Ourense,Ulldecona,Casalarreina,Anglès,Almuñécar,Calders,Dima,Ondara,Palafrugell,Port d'Alcúdia,Rupit,Cambados,Granollers,San Feliz,Quintanar de la Orden,Santa Coloma de Gramenet,Fisterra,Guía de Isora,Cazalla de la Sierra,Hostalric,Peralada,Llanes,Jarandilla de la Vera,Donostia / San Sebastián,Tarancón,Costa Teguise,Larrabetzu,Navaleno,Palmones,Ribadeo,Petrer,Calldetenes,Villaviciosa de Odón,Albacete,Arrecife,Santiago de Compostela,Castellbisbal,Villanova,Cariñena,Vera,Teguise,Leon,Morales de Toro,Pontevedra,Teruel,Icod de los Vinos,Mogán,Vallromanes,Valverde del Camino,Las Palmas de Gran Canaria,Zahara de los Atunes,Hoyos del Espino,Cerdanyola del Vallès,Haro,Xerta,Madrid,Chipiona,Tox,Ponteareas,Castelló de la Plana,Huesca,Olaberria,Requena,Aracena,Mogarraz,Mora de Rubielos,Xàbia,Sos del Rey Católico,Soto de Luiña,Zafra,Mataró,Chimiche,L'Estartit,L'Ametlla de Mar,Ronda,Mérida,Alacant,San Lorenzo de El Escorial,Santa Cruz de Tenerife,Romanyà de la Selva,Ciudad Real,Donamaria,Haría,Daimús,Ráfales,La Xara,Montellano,Aranda de Duero,Campo de Criptana,Saragossa,Villanueva de San Carlos,Sant Gregori,Peñafiel,Valdemoro,El Campello,Portosín,El Pinós,San Vicente de la Sonsierra,Plasencia,Toledo,Alzira,Villallano,Samaniego,Ávila,Irun,Vilafranca del Penedès,El Masnou,Vielha,Elche,Alcalá de Henares,Tolosa,Sagunt,Seville,Villaviciosa,Sant Fruitós de Bages,Casas-Ibáñez,Molins de Rei,Cheste,Sort,Palmanova,Alba de Tormes,Palamós,Fuentespalda,Sanxenxo,Oia,Tona,Canyamel,Llívia,Ceutí,Sagàs,Castrillo de Duero,Almoradí,Bellvís,Cala d'Or,Oropesa del Mar,Ponte do Porto,Gombrèn,Soria,Artesa de Lleida,Ses Illetes,Becerril de la Sierra,Ramales de la Victoria,Alcaudete,Cambrils,Deià,Prendes,Besalú,Carasa,Tarifa,Bakio,Belate (Puerto de),Bagà,Conil de la Frontera,Tui,Vega de Tirados,Llucmajor,Zumarraga,Torroja del Priorat,es Pujols,Garachico,Llubí,Ponferrada,Tariego de Cerrato,Sant Antoni de Portmany,Aranjuez,Peruyes,San Ildefonso o La Granja,Leganés,Caldes de Montbui,Alfaro,Lleida,Torrenueva,Astorga,Benissa,Sóller,Pamplona,Vilanova i la Geltrú,Vejer de la Frontera,Agaete,Llagostera,La Vall de Bianya,Torre de Juan Abad,Muro,Tudela,Zahora,Benavente,Xinorlet,Altura,Segovia,Puente Arce,Raxó,Cala en Porter,Ainsa,Barbate,Amorebieta - Etxano,Madrigal de la Vera,Castelló d'Empúries,Camprodon,Loja,Salinas de Añana,Ceuta,Orfes,Lastres,Argüelles,Baeza,Lloret de Mar,Logrono,Hecho,Orís,Sant Pau d'Ordal,Ibi,San Eugenio,Val de San Lorenzo,Morella,Tarragona,Valladolid,Aubèrt,Lasarte - Oria,Berga,la Nucía,Portbou,Covadonga,Puerto de la Cruz,Tomelloso,San Salvador de Poio,Sant Just Desvern,Fuenmayor,Mazaricos,Carcaixent,Padrón,Tossa de Mar,Peratallada,Sitges,Arucas,Mahon,Páganos,Sardas,Calella de Palafrugell,Elciego,Negreira,Tella,Santa Comba,Burgos,Garos,Benifaió,Kexaa,Villarrobledo,Cadaqués,Zarza de Granadilla,Salinas,Salou,Gaucín,Calp,Malpica de Bergantiños,Ampuero,Barizo,O Grove,Cuenca,Legasa,Torà,Sant Joan Despí,Altafulla,Cudillero,Pozuelo de Alarcón,Calahonda,Allariz,Figueres,Villena,Castilleja de la Cuesta,Vigo,Murcia,Urdaitz,Canfranc-Estación,Calella,Famara,Riudoms,Rueda,Dénia,Badalona,Ciutadella de Menorca,Vinaròs,Hoyo de Manzanares,Manresa,Igualada,Majadahonda,Vall d'Alba,Es Capdellà,Chiclana de la Frontera,Gimenells,Alcanar,Tramacastilla,Medina-Sidonia,Moià,Adeje,Fornells,Carril,Patalavaca,Quintanilla de Onésimo,Tafalla,Getafe,Ruiloba,Benicarló,Santa Cristina d'Aro,Córdoba,Cornudella de Montsant,Mompía,Pedreguer,Verín,L'Escala,Pola de Lena,Bellaterra,Cáceres,Porroig,Aljaraque,Cereceda,Montemayor del Río,Villalba de la Sierra,Les Borges Blanques,Frómista,Linares de la Sierra,Boqueixón,Hervás,San Pedro de Breña Alta,Caimari,Valverde del Fresno,Es Caló,Es Migjorn Gran,Navalmoral de la Mata,Vilamarí,Sardón de Duero,San Miguel de Valero,Trasmonte,San Cristóbal de la Laguna,Linares,Almansa,Marbella,Viveiro,San Pedro del Pinatar,Turón,Corçà,Viladecavalls,San Vicente de la Barquera,La Savina,Puertomingalvo,Port de Pollença,Ribadesella,Serra de Outes,Plan,Santa Coloma de Queralt,Monachil,Bossòst,Avilés,Cosgaya,Suesa,Yecla,Pals,Olost,Ripoll,Sant Lluís,Huerta del Marquesado,Vilalba,Alcobendas,Cartagena,Nerja,Soutomaior,Bilbao,Alfafara,Vélez-Málaga,Barbastro,Los Rosales,Girona,Briones,Es Canar,Gijón,Sallent de Gállego,Campos,Escunhau,Terrassa,Arriondas,Las Caletas,Badajoz,Hoznayo,Cartaya,Zumaia,Santo Domingo de la Calzada,Lekunberri,Langarica,Solivella,Arona,Camariñas,Ocaña,Pollença,Villoldo,Eivissa,Sant Climent de Llobregat,Meliana,A Coruña,Canet de Mar,Arnuero,Fuengirola,Oleiros,Bailén,Hondarribia,Poboleda,Castrillo de los Polvazares,Palma,Alaior,Almodóvar del Río,S'Agaró,Talavera de la Reina,Salamanca,Cala Blava,Daroca de Rioja,Tres Cantos,Vic,Vitoria-Gasteiz,Almería,Binéfar,Úbeda,Getaria,Puerto de Vega,Valencia
Czech Republic;Prague
Norway;Oslo,Rosendal,Bergen,Lindesnes,Tveit,Stavanger,Trondheim
Denmark;Humlebæk,Aarhus,Åkirkeby,Præstø,Lønstrup,Millinge,Agger,Rønne,Tórshavn,Nykøbing Sjælland,Henne,Fredericia,Odense,Copenhagen,Sønderborg,Aalborg,Ebeltoft,Gentofte,Hørve,Hjørring,Nyborg,Rønde,Herning,Vejle
Bedok (Bedok South Food Centre), #01-41, 16 Bedok South Road, 460016, Singapore;Singapore
Mexico;Azcapotzalco,Brisas de Zicatela,Monterrey,Playa del Carmen,Ensenada,Tulum,Cuauhtémoc,Tlalpan,Todos Santos,Valle de Guadalupe,Oaxaca,Puerto Escondido,Álvaro Obregón,El Pescadero,Villa de Juárez,Cabo San Lucas,Tijuana,El Sauzal de Rodríguez,Tecate,Benito Juárez,Coyoacán,Cancún,El Porvenir,Miguel Hildalgo,Isla Mujeres,San Pedro Garza García,Puerto Morelos,San José del Cabo
Hin Bus Depot, 125 Jalan Timah, George Town, 10150, Malaysia;George Town
Estonia;Kloogaranna,Lüllemäe,Pädaste,Viljandi,Haapsalu,Maidla,Tallinn,Laulasmaa,Tartu,Võsu
